"","tx_id","gene_name","gene_id","gene_biotype","type","closest_region","query_region","distance"
"ENSMUST00000025684","ENSMUST00000025684","Ehd1","ENSMUSG00000024772","protein_coding","cds","chr19-6298074-6298598","chr19-6295925-6310866",0
"ENSMUST00000173112","ENSMUST00000173112","Trav9n-1","ENSMUSG00000092251","protein_coding","utr","chr14-53102263-53102401","chr14-53132284-53135800",29882
"ENSMUST00000166909","ENSMUST00000166909","Men1","ENSMUSG00000024947","protein_coding","cds","chr19-6335461-6335614","chr19-6333857-6336770",0
"ENSMUST00000178514","ENSMUST00000178514","Gpr124","ENSMUSG00000031486","protein_coding","cds","chr8-27109328-27109399","chr8-27105835-27109401",0
"ENSMUST00000056449","ENSMUST00000056449","Arhgap30","ENSMUSG00000048865","protein_coding","cds","chr1-171389267-171389363","chr1-171387006-171390969",0
"ENSMUST00000179569","ENSMUST00000179569","Dynlt1b","ENSMUSG00000096255","protein_coding","cds","chr17-6430212-6430238","chr17-6429310-6430899",0
"ENSMUST00000138435","ENSMUST00000138435","Rnf220","ENSMUSG00000028677","protein_coding","gap","chr4-117307679-117489588","chr4-117472422-117482490",0
"ENSMUST00000181052","ENSMUST00000181052","Gm26848","ENSMUSG00000097723","lincRNA","gap","chr17-6316326-6492840","chr17-6467033-6469249",0
"ENSMUST00000109535","ENSMUST00000109535","Tnfrsf13c","ENSMUSG00000068105","protein_coding","cds","chr15-82224060-82224312","chr15-82215285-82226429",0
"ENSMUSE00001238750","ENSMUST00000113502","Men1","ENSMUSG00000024947","protein_coding","exon","chr19-6334979-6335070","chr19-6330623-6332628",2350
"ENSMUST00000115323","ENSMUST00000115323","Grm8","ENSMUSG00000024211","protein_coding","utr","chr6-27275121-27275694","chr6-26766022-26768606",506514
"ENSMUST00000031281","ENSMUST00000031281","Antxr2","ENSMUSG00000029338","protein_coding","cds","chr5-98030398-98030549","chr5-98026989-98034779",0
"ENSMUST00000055221","ENSMUST00000055221","Kcnk12","ENSMUSG00000050138","protein_coding","cds","chr17-87797064-87797454","chr17-87794929-87800535",0
"ENSMUST00000024839","ENSMUST00000024839","Sik1","ENSMUSG00000024042","protein_coding","cds","chr17-31854894-31855049","chr17-31832458-31859838",0
"ENSMUST00000026239","ENSMUST00000026239","Poll","ENSMUSG00000025218","protein_coding","cds","chr19-45552806-45553170","chr19-45549600-45553317",0
"ENSMUST00000138808","ENSMUST00000138808","Rcc2","ENSMUSG00000040945","protein_coding","cds","chr4-140710333-140710470","chr4-140698091-140722185",0
"ENSMUST00000023779","ENSMUST00000023779","Nr4a1","ENSMUSG00000023034","protein_coding","cds","chr15-101273996-101274252","chr15-101252201-101277830",0
"ENSMUST00000171109","ENSMUST00000171109","Cables1","ENSMUSG00000040957","protein_coding","gap","chr18-11926365-11939718","chr18-11930593-11932802",0
"ENSMUST00000128273","ENSMUST00000128273","Fam131a","ENSMUSG00000050821","protein_coding","cds","chr16-20701424-20701659","chr16-20701282-20705225",0
"ENSMUST00000059672","ENSMUST00000059672","Pik3ap1","ENSMUSG00000025017","protein_coding","cds","chr19-41332209-41332345","chr19-41330387-41333327",0
"ENSMUST00000030439","ENSMUST00000030439","Rnf220","ENSMUSG00000028677","protein_coding","cds","chr4-117489589-117490213","chr4-117490101-117497583",0
"ENSMUSE00000821282","ENSMUST00000151816","9930038B18Rik","ENSMUSG00000042976","lincRNA","exon","chr12-8873187-8876919","chr12-8840873-8849006",24180
"ENSMUSE00000796351","ENSMUST00000023693","Ifnar2","ENSMUSG00000022971","protein_coding","exon","chr16-91372783-91373074","chr16-91365767-91368626",4156
"ENSMUST00000170219","ENSMUST00000170219","Dos","ENSMUSG00000035640","protein_coding","cds","chr10-80137288-80137380","chr10-80114092-80166127",0
"ENSMUST00000166429","ENSMUST00000166429","Sipa1l1","ENSMUSG00000042700","protein_coding","gap","chr12-82170077-82234462","chr12-82225293-82228019",0
"ENSMUST00000139686","ENSMUST00000139686","Rin3","ENSMUSG00000044456","protein_coding","gap","chr12-102354915-102358704","chr12-102353014-102358132",0
"ENSMUST00000164078","ENSMUST00000164078","C130050O18Rik","ENSMUSG00000044092","protein_coding","cds","chr5-139410833-139410906","chr5-139403157-139411191",0
"ENSMUST00000082237","ENSMUST00000082237","Mex3b","ENSMUSG00000057706","protein_coding","cds","chr7-82868756-82870209","chr7-82864539-82870288",0
"ENSMUST00000026239.1","ENSMUST00000026239","Poll","ENSMUSG00000025218","protein_coding","utr","chr19-45552275-45552805","chr19-45543251-45546313",5961
"ENSMUST00000134376","ENSMUST00000134376","Dlg4","ENSMUSG00000020886","protein_coding","cds","chr11-70030399-70030452","chr11-70028299-70030401",0
"ENSMUST00000156835","ENSMUST00000156835","N4bp3","ENSMUSG00000001053","protein_coding","cds","chr11-51645554-51645685","chr11-51643310-51645816",0
"ENSMUST00000106875","ENSMUST00000106875","Limd2","ENSMUSG00000040699","protein_coding","cds","chr11-106159348-106159389","chr11-106149114-106162499",0
"ENSMUST00000124239","ENSMUST00000124239","Sh2d5","ENSMUSG00000045349","protein_coding","cds","chr4-138257115-138257279","chr4-138255742-138264430",0
"ENSMUST00000049149","ENSMUST00000049149","Lrp1","ENSMUSG00000040249","protein_coding","cds","chr10-127566457-127566834","chr10-127560653-127566565",0
"ENSMUST00000073961","ENSMUST00000073961","Ptpre","ENSMUSG00000041836","protein_coding","gap","chr7-135538117-135601464","chr7-135544663-135562300",0
"ENSMUST00000099490","ENSMUST00000099490","Nsd1","ENSMUSG00000021488","protein_coding","cds","chr13-55213221-55214150","chr13-55208599-55213571",0
"ENSMUST00000072607","ENSMUST00000072607","Ints1","ENSMUSG00000029547","protein_coding","cds","chr5-139775332-139775470","chr5-139774738-139778325",0
"ENSMUST00000102597","ENSMUST00000102597","Hdac1","ENSMUSG00000028800","protein_coding","cds","chr4-129518013-129518121","chr4-129510870-129518236",0
"ENSMUST00000149582","ENSMUST00000149582","Mkl1","ENSMUSG00000042292","protein_coding","cds","chr15-81022397-81022558","chr15-81020327-81023192",0
"ENSMUST00000132820","ENSMUST00000132820","Notch1","ENSMUSG00000026923","protein_coding","utr","chr2-26516542-26516663","chr2-26512387-26517263",0
"ENSMUST00000114842","ENSMUST00000114842","Anks1","ENSMUSG00000024219","protein_coding","cds","chr17-28007849-28008432","chr17-28005034-28035939",0
"ENSMUST00000138435.1","ENSMUST00000138435","Rnf220","ENSMUSG00000028677","protein_coding","gap","chr4-117307679-117489588","chr4-117483728-117488617",0
"ENSMUSE00000683951","ENSMUST00000100739","Fam105a","ENSMUSG00000056069","protein_coding","exon","chr15-27681397-27681542","chr15-27701137-27704348",19594
"ENSMUST00000177757","ENSMUST00000177757","Sag","ENSMUSG00000056055","protein_coding","cds","chr1-87828397-87828469","chr1-87827596-87830778",0
"ENSMUST00000151165","ENSMUST00000151165","Cyth1","ENSMUSG00000017132","protein_coding","cds","chr11-118185760-118185826","chr11-118177878-118187757",0
"ENSMUST00000115090","ENSMUST00000115090","Nos3","ENSMUSG00000028978","protein_coding","cds","chr5-24383911-24383979","chr5-24382986-24385816",0
"ENSMUST00000124763","ENSMUST00000124763","Bsn","ENSMUSG00000032589","protein_coding","cds","chr9-108110062-108110413","chr9-108107588-108112245",0
"ENSMUST00000050125","ENSMUST00000050125","2900026A02Rik","ENSMUSG00000051339","protein_coding","cds","chr5-113163058-113163108","chr5-113154833-113166568",0
"ENSMUST00000099373","ENSMUST00000099373","Cnnm2","ENSMUSG00000064105","protein_coding","gap","chr19-46859113-46868537","chr19-46862088-46866398",0
"ENSMUST00000021880","ENSMUST00000021880","Ctla2a","ENSMUSG00000044258","protein_coding","cds","chr13-60936491-60936531","chr13-60932146-60937696",0
"ENSMUST00000037968","ENSMUST00000037968","Uvrag","ENSMUSG00000035354","protein_coding","gap","chr7-99099474-99109062","chr7-99100584-99103437",0
"ENSMUST00000142958","ENSMUST00000142958","Dpf1","ENSMUSG00000030584","protein_coding","cds","chr7-29315624-29315737","chr7-29312216-29320401",0
"ENSMUST00000155221","ENSMUST00000155221","Txndc11","ENSMUSG00000022498","protein_coding","cds","chr16-11134268-11134509","chr16-11126327-11136513",0
"ENSMUSE00000408535","ENSMUST00000034136","Gpt2","ENSMUSG00000031700","protein_coding","exon","chr8-85492576-85492689","chr8-85481490-85483168",9407
"ENSMUST00000112524","ENSMUST00000112524","Alas1","ENSMUSG00000032786","protein_coding","utr","chr9-106233455-106234036","chr9-106229597-106232095",1359
"ENSMUST00000188666","ENSMUST00000188666","Neurl3","ENSMUSG00000047180","protein_coding","cds","chr1-36273338-36273365","chr1-36266897-36278031",0
"ENSMUST00000031017","ENSMUST00000031017","Fosl2","ENSMUSG00000029135","protein_coding","cds","chr5-32150421-32150528","chr5-32131447-32151175",0
"ENSMUST00000112471","ENSMUST00000112471","Map7d2","ENSMUSG00000041020","protein_coding","utr","chrX-159497584-159498757","chrX-159507701-159510881",8943
"ENSMUST00000149529","ENSMUST00000149529","Tnni2","ENSMUSG00000031097","protein_coding","cds","chr7-142444215-142444310","chr7-142440255-142445410",0
"ENSMUST00000076046","ENSMUST00000076046","Csf2ra","ENSMUSG00000059326","protein_coding","cds","chr19-61227272-61227365","chr19-61221336-61229827",0
"ENSMUSE00000710513","ENSMUST00000120135","Syk","ENSMUSG00000021457","protein_coding","exon","chr13-52583173-52583605","chr13-52570775-52574817",8355
"ENSMUST00000000687","ENSMUST00000000687","Haao","ENSMUSG00000000673","protein_coding","cds","chr17-83846637-83846716","chr17-83845705-83851117",0
"ENSMUST00000038287","ENSMUST00000038287","Dusp5","ENSMUSG00000034765","protein_coding","cds","chr19-53540916-53541322","chr19-53527064-53541601",0
"ENSMUST00000048656","ENSMUST00000048656","Ubash3a","ENSMUSG00000042345","protein_coding","cds","chr17-31228104-31228230","chr17-31219665-31228561",0
"ENSMUST00000096355","ENSMUST00000096355","Csf2rb","ENSMUSG00000071713","protein_coding","utr","chr15-78325990-78326098","chr15-78325332-78328018",0
"ENSMUST00000118370","ENSMUST00000118370","Nod2","ENSMUSG00000055994","protein_coding","cds","chr8-88663698-88665513","chr8-88661662-88665056",0
"ENSMUSE00000500476","ENSMUST00000167860","Vegfa","ENSMUSG00000023951","protein_coding","exon","chr17-46031291-46032377","chr17-46062210-46065225",29832
"ENSMUST00000003274","ENSMUST00000003274","Ebi3","ENSMUSG00000003206","protein_coding","cds","chr17-55954303-55954481","chr17-55950765-55955199",0
"ENSMUSE00000758975","ENSMUST00000151698","Laptm5","ENSMUSG00000028581","protein_coding","exon","chr4-130913125-130913434","chr4-130897582-130903411",9713
"ENSMUST00000174296","ENSMUST00000174296","Rora","ENSMUSG00000032238","protein_coding","gap","chr9-68653973-69196074","chr9-68953873-68958450",0
"ENSMUST00000144270","ENSMUST00000144270","Kit","ENSMUSG00000005672","protein_coding","utr","chr5-75654546-75656722","chr5-75691392-75697407",34669
"ENSMUST00000178440","ENSMUST00000178440","Git2","ENSMUSG00000041890","protein_coding","cds","chr5-114773314-114773365","chr5-114769456-114787681",0
"ENSMUST00000121805","ENSMUST00000121805","Dpysl3","ENSMUSG00000024501","protein_coding","gap","chr18-43363592-43437829","chr18-43420940-43422674",0
"ENSMUST00000165104","ENSMUST00000165104","Gramd1b","ENSMUSG00000040111","protein_coding","cds","chr9-40317509-40317593","chr9-40316821-40326876",0
"ENSMUST00000046463","ENSMUST00000046463","Gtpbp1","ENSMUSG00000042535","protein_coding","cds","chr15-79694156-79694267","chr15-79680716-79696029",0
"ENSMUST00000146354","ENSMUST00000146354","Ncf1","ENSMUSG00000015950","protein_coding","cds","chr5-134229496-134229567","chr5-134220576-134230127",0
"ENSMUST00000056781","ENSMUST00000056781","Ccdc57","ENSMUSG00000048445","protein_coding","cds","chr11-120826716-120826924","chr11-120817062-120828825",0
"ENSMUST00000119251","ENSMUST00000119251","Mef2d","ENSMUSG00000001419","protein_coding","utr","chr3-88142416-88142674","chr3-88136930-88154031",0
"ENSMUST00000021412","ENSMUST00000021412","Psma6","ENSMUSG00000021024","protein_coding","utr","chr12-55418295-55418454","chr12-55445805-55447929",27350
"ENSMUST00000182625","ENSMUST00000182625","Sox12","ENSMUSG00000051817","protein_coding","cds","chr2-152396754-152397698","chr2-152392515-152399920",0
"ENSMUSE00001320914","ENSMUST00000189394","Gm19589","ENSMUSG00000100798","lincRNA","exon","chr1-88560576-88562167","chr1-88585974-88589416",23806
"ENSMUST00000174843","ENSMUST00000174843","Smad7","ENSMUSG00000025880","protein_coding","cds","chr18-75370895-75370948","chr18-75362724-75381156",0
"ENSMUST00000171691","ENSMUST00000171691","Mdga1","ENSMUSG00000043557","protein_coding","cds","chr17-29857590-29857729","chr17-29855643-29861797",0
"ENSMUSE00000703937","ENSMUST00000115715","Pde10a","ENSMUSG00000023868","protein_coding","exon","chr17-8525372-8525815","chr17-8504293-8509481",15890
"ENSMUST00000168295","ENSMUST00000168295","Slc6a12","ENSMUSG00000030109","protein_coding","utr","chr6-121343399-121343621","chr6-121340872-121343826",0
"ENSMUST00000114002","ENSMUST00000114002","Itsn1","ENSMUSG00000022957","protein_coding","cds","chr16-91869618-91869809","chr16-91868049-91871472",0
"ENSMUST00000111936","ENSMUST00000111936","Btrc","ENSMUSG00000025217","protein_coding","cds","chr19-45527264-45527425","chr19-45527310-45531298",0
"ENSMUST00000151496","ENSMUST00000151496","Dhrs11","ENSMUSG00000034449","protein_coding","cds","chr11-84828751-84828897","chr11-84816609-84830496",0
"ENSMUST00000041331","ENSMUST00000041331","Scd1","ENSMUSG00000037071","protein_coding","utr","chr19-44394451-44397918","chr19-44387138-44390278",4172
"ENSMUST00000152324","ENSMUST00000152324","Slc38a11","ENSMUSG00000061171","protein_coding","gap","chr2-65335803-65350037","chr2-65340550-65343513",0
"ENSMUST00000061101","ENSMUST00000061101","Tgfbr2","ENSMUSG00000032440","protein_coding","gap","chr9-116158346-116174943","chr9-116159027-116161845",0
"ENSMUST00000131358","ENSMUST00000131358","Taf4a","ENSMUSG00000039117","protein_coding","gap","chr2-179939955-179975412","chr2-179946679-179956274",0
"ENSMUST00000145401","ENSMUST00000145401","Il9r","ENSMUSG00000020279","protein_coding","cds","chr11-32200191-32200218","chr11-32194033-32201357",0
"ENSMUST00000057178","ENSMUST00000057178","Nkx2-3","ENSMUSG00000044220","protein_coding","cds","chr19-43614306-43615045","chr19-43603805-43622420",0
"ENSMUST00000017604","ENSMUST00000017604","Cyba","ENSMUSG00000006519","protein_coding","cds","chr8-122432810-122432867","chr8-122429693-122433989",0
"ENSMUSE00000381337","ENSMUST00000066674","Car8","ENSMUSG00000041261","protein_coding","exon","chr4-8238852-8239041","chr4-8284421-8286641",45379
"ENSMUST00000021066","ENSMUST00000021066","Cacng4","ENSMUSG00000020723","protein_coding","gap","chr11-107742005-107794244","chr11-107782012-107787386",0
"ENSMUST00000171123","ENSMUST00000171123","Adrbk1","ENSMUSG00000024858","protein_coding","cds","chr19-4305902-4306014","chr19-4291567-4307800",0
"ENSMUST00000155919","ENSMUST00000155919","Sgpl1","ENSMUSG00000020097","protein_coding","cds","chr10-61146258-61146284","chr10-61145445-61148596",0
"ENSMUST00000055242","ENSMUST00000055242","Clptm1","ENSMUSG00000002981","protein_coding","cds","chr7-19664934-19665005","chr7-19663524-19667891",0
"ENSMUST00000105682","ENSMUST00000105682","Rere","ENSMUSG00000039852","protein_coding","gap","chr4-150470392-150477363","chr4-150470786-150475142",0
"ENSMUST00000093837","ENSMUST00000093837","Trcg1","ENSMUSG00000070298","protein_coding","cds","chr9-57249728-57249784","chr9-57246298-57264152",0
"ENSMUST00000100262","ENSMUST00000100262","Slc38a1","ENSMUSG00000023169","protein_coding","utr","chr15-96641054-96641962","chr15-96629796-96644077",0
"ENSMUST00000097275","ENSMUST00000097275","Prkce","ENSMUSG00000045038","protein_coding","gap","chr17-86168941-86353554","chr17-86299842-86306812",0
"ENSMUST00000155386","ENSMUST00000155386","Atxn7l1","ENSMUSG00000020564","protein_coding","cds","chr12-33314588-33314615","chr12-33313183-33320169",0
"ENSMUST00000089673","ENSMUST00000089673","Astl","ENSMUSG00000050468","protein_coding","cds","chr2-127341697-127341751","chr2-127331683-127341924",0
"ENSMUST00000118489","ENSMUST00000118489","Grm4","ENSMUSG00000063239","protein_coding","cds","chr17-27502647-27503165","chr17-27497663-27502800",0
"ENSMUST00000164703","ENSMUST00000164703","Scrt1","ENSMUSG00000048385","protein_coding","cds","chr15-76521591-76521705","chr15-76515960-76525826",0
"ENSMUST00000169040","ENSMUST00000169040","Ppard","ENSMUSG00000002250","protein_coding","cds","chr17-28286341-28286467","chr17-28285375-28288886",0
"ENSMUST00000111198","ENSMUST00000111198","Cd44","ENSMUSG00000005087","protein_coding","gap","chr2-102814338-102822207","chr2-102814806-102816213",0
"ENSMUST00000026220","ENSMUST00000026220","Scd3","ENSMUSG00000025202","protein_coding","utr","chr19-44241860-44244016","chr19-44245487-44249140",1470
"ENSMUST00000106341","ENSMUST00000106341","Lef1","ENSMUSG00000027985","protein_coding","gap","chr3-131204305-131223075","chr3-131207578-131209431",0
"ENSMUST00000176456","ENSMUST00000176456","Flt3","ENSMUSG00000042817","protein_coding","cds","chr5-147400220-147400265","chr5-147398259-147403414",0
"ENSMUST00000068603","ENSMUST00000068603","Iqgap2","ENSMUSG00000021676","protein_coding","cds","chr13-95891664-95891709","chr13-95880402-95894060",0
"ENSMUST00000103061","ENSMUST00000103061","Amz2","ENSMUSG00000020610","protein_coding","cds","chr11-109427086-109427097","chr11-109424398-109427603",0
"ENSMUST00000180242","ENSMUST00000180242","Cep131","ENSMUSG00000039781","protein_coding","cds","chr11-120065911-120066053","chr11-120062835-120066227",0
"ENSMUST00000160832","ENSMUST00000160832","Zdhhc19","ENSMUSG00000052363","protein_coding","gap","chr16-32500968-32558247","chr16-32546820-32548931",0
"ENSMUST00000166750","ENSMUST00000166750","Cmip","ENSMUSG00000034390","protein_coding","cds","chr8-117257102-117257401","chr8-117254405-117285717",0
"ENSMUST00000021800","ENSMUST00000021800","Mcur1","ENSMUSG00000021371","protein_coding","utr","chr13-43538412-43541673","chr13-43514409-43515865",22546
"ENSMUST00000002145","ENSMUST00000002145","Hsf2bp","ENSMUSG00000002076","protein_coding","utr","chr17-31944769-31946602","chr17-31901680-31909234",35534
"ENSMUSE00000478015","ENSMUST00000111194","Cd44","ENSMUSG00000005087","protein_coding","exon","chr2-102901268-102901665","chr2-102943427-102945480",41761
"ENSMUST00000144467","ENSMUST00000144467","Kctd7","ENSMUSG00000034110","protein_coding","cds","chr5-130145104-130145226","chr5-130143596-130146382",0
"ENSMUST00000027940","ENSMUST00000027940","Tmem206","ENSMUSG00000026627","protein_coding","cds","chr1-191328183-191328279","chr1-191325067-191329375",0
"ENSMUST00000173479","ENSMUST00000173479","Rfx4","ENSMUSG00000020037","protein_coding","gap","chr10-84762386-84780014","chr10-84774052-84776033",0
"ENSMUSE00000899127","ENSMUST00000031840","Gpnmb","ENSMUSG00000029816","protein_coding","exon","chr6-49036518-49036792","chr6-49016834-49017905",18612
"ENSMUST00000100644","ENSMUST00000100644","Bzrap1","ENSMUSG00000034156","protein_coding","cds","chr11-87766113-87766202","chr11-87753166-87766188",0
"ENSMUST00000189679","ENSMUST00000189679","Runx1","ENSMUSG00000022952","protein_coding","cds","chr16-92825589-92825646","chr16-92797960-92828610",0
"ENSMUST00000028069","ENSMUST00000028069","4930426L09Rik","ENSMUSG00000026736","protein_coding","utr","chr2-18998913-18999801","chr2-19004421-19006906",4619
"ENSMUST00000102821","ENSMUST00000102821","Stk10","ENSMUSG00000020272","protein_coding","gap","chr11-32555289-32574498","chr11-32561246-32568873",0
"ENSMUSE00000558559","ENSMUST00000071024","Arhgap25","ENSMUSG00000030047","protein_coding","exon","chr6-87532826-87533259","chr6-87540713-87543651",7453
"ENSMUST00000189061","ENSMUST00000189061","Rgs1","ENSMUSG00000026358","protein_coding","cds","chr1-144248901-144249037","chr1-144241852-144250018",0
"ENSMUSE00000641335","ENSMUST00000026221","Scd2","ENSMUSG00000025203","protein_coding","exon","chr19-44293676-44294411","chr19-44280096-44285304",8371
"ENSMUST00000022915","ENSMUST00000022915","Dpys","ENSMUSG00000022304","protein_coding","gap","chr15-39769259-39784568","chr15-39775085-39779856",0
"ENSMUSE00001321603","ENSMUST00000189781","Gm28502","ENSMUSG00000099452","lincRNA","exon","chr15-75078980-75079094","chr15-75085321-75087246",6226
"ENSMUST00000025224","ENSMUST00000025224","Gfra3","ENSMUSG00000024366","protein_coding","utr","chr18-34689903-34690533","chr18-34675143-34680786",9116
"ENSMUST00000162907","ENSMUST00000162907","Pard3","ENSMUSG00000025812","protein_coding","gap","chr8-127324173-127357274","chr8-127328883-127332211",0
"ENSMUST00000105106","ENSMUST00000105106","Hist1h2bf","ENSMUSG00000069268","protein_coding","cds","chr13-23573810-23574190","chr13-23570088-23577254",0
"ENSMUST00000162878","ENSMUST00000162878","Runx2","ENSMUSG00000039153","protein_coding","gap","chr17-44639827-44724744","chr17-44651775-44657033",0
"ENSMUST00000075602","ENSMUST00000075602","Gm10282","ENSMUSG00000070713","protein_coding","utr","chr8-72304118-72304908","chr8-72280086-72283631",20486
"ENSMUST00000023100","ENSMUST00000023100","Srebf2","ENSMUSG00000022463","protein_coding","cds","chr15-82147403-82147490","chr15-82144152-82169467",0
"ENSMUST00000174688","ENSMUST00000174688","Syncrip","ENSMUSG00000032423","protein_coding","cds","chr9-88480606-88480753","chr9-88479813-88484103",0
"ENSMUST00000022650","ENSMUST00000022650","Pibf1","ENSMUSG00000022064","protein_coding","utr","chr14-99254212-99254493","chr14-99263642-99266618",9148
"ENSMUST00000137079","ENSMUST00000137079","Ccdc167","ENSMUSG00000024018","protein_coding","cds","chr17-29705489-29705583","chr17-29702443-29706173",0
"ENSMUST00000032978","ENSMUST00000032978","Sh2b1","ENSMUSG00000030733","protein_coding","cds","chr7-126472073-126473011","chr7-126469248-126476434",0
"ENSMUST00000174265","ENSMUST00000174265","Ptpn6","ENSMUSG00000004266","protein_coding","cds","chr6-124732300-124732494","chr6-124728573-124734788",0
"ENSMUST00000002284","ENSMUST00000002284","Plaur","ENSMUSG00000046223","protein_coding","cds","chr7-24475239-24475471","chr7-24456721-24475584",0
"ENSMUST00000067543","ENSMUST00000067543","Trib1","ENSMUSG00000032501","protein_coding","utr","chr15-59654702-59656550","chr15-59719273-59722788",62722
"ENSMUST00000101655","ENSMUST00000101655","Sfi1","ENSMUSG00000023764","protein_coding","utr","chr11-3131850-3132026","chr11-3103282-3106828",25021
"ENSMUST00000110696","ENSMUST00000110696","Kat6a","ENSMUSG00000031540","protein_coding","cds","chr8-22862202-22862801","chr8-22857969-22862914",0
"ENSMUST00000100078","ENSMUST00000100078","Zbtb2","ENSMUSG00000075327","protein_coding","utr","chr10-4387845-4388108","chr10-4384565-4397397",0
"ENSMUST00000118370.1","ENSMUST00000118370","Nod2","ENSMUSG00000055994","protein_coding","gap","chr8-88665514-88670410","chr8-88665839-88669571",0
"ENSMUST00000179855","ENSMUST00000179855","Crlf3","ENSMUSG00000017561","protein_coding","cds","chr11-80080788-80080861","chr11-80069775-80083620",0
"ENSMUST00000029748","ENSMUST00000029748","Fcgr1","ENSMUSG00000015947","protein_coding","cds","chr3-96293905-96293962","chr3-96292773-96294693",0
"ENSMUST00000168698","ENSMUST00000168698","Cotl1","ENSMUSG00000031827","protein_coding","gap","chr8-119822812-119840141","chr8-119823855-119828635",0
"ENSMUST00000162789","ENSMUST00000162789","Vti1b","ENSMUSG00000021124","protein_coding","cds","chr12-79172220-79172334","chr12-79171280-79174026",0
"ENSMUST00000139344","ENSMUST00000139344","Rhoq","ENSMUSG00000024143","protein_coding","gap","chr17-86964359-86994558","chr17-86966950-86973202",0
"ENSMUST00000137682","ENSMUST00000137682","Sh2b3","ENSMUSG00000042594","protein_coding","utr","chr5-121836220-121836264","chr5-121829185-121840031",0
"ENSMUST00000034041","ENSMUST00000034041","Irf2","ENSMUSG00000031627","protein_coding","gap","chr8-46739937-46793492","chr8-46760908-46774206",0
"ENSMUST00000147759","ENSMUST00000147759","Abcc1","ENSMUSG00000023088","protein_coding","cds","chr16-14439987-14439999","chr16-14437706-14441334",0
"ENSMUSE00000643116","ENSMUST00000099693","Gm10804","ENSMUSG00000075025","lincRNA","exon","chr2-93468116-93469871","chr2-93481130-93486525",11258
"ENSMUST00000051803","ENSMUST00000051803","Aldh3b1","ENSMUSG00000024885","protein_coding","utr","chr19-3929696-3929761","chr19-3927870-3930983",0
"ENSMUST00000112711","ENSMUST00000112711","Ninj2","ENSMUSG00000041377","protein_coding","gap","chr6-120093459-120197902","chr6-120154399-120160935",0
"ENSMUST00000172070","ENSMUST00000172070","Socs2","ENSMUSG00000020027","protein_coding","cds","chr10-95414831-95414969","chr10-95413721-95419880",0
"ENSMUSE00001327882","ENSMUST00000185716","Gm29509","ENSMUSG00000099810","lincRNA","exon","chr6-117899201-117899521","chr6-117887894-117892180",7020
"ENSMUST00000112211","ENSMUST00000112211","Prkcd","ENSMUSG00000021948","protein_coding","utr","chr14-30625980-30626208","chr14-30623385-30635695",0
"ENSMUST00000188509","ENSMUST00000188509","Ppp2r3d","ENSMUSG00000093803","protein_coding","cds","chr9-124423234-124423374","chr9-124422260-124426795",0
"ENSMUST00000155413","ENSMUST00000155413","Relt","ENSMUSG00000008318","protein_coding","cds","chr7-100847539-100847594","chr7-100843806-100847635",0
"ENSMUST00000153880","ENSMUST00000153880","Dnajc16","ENSMUSG00000040697","protein_coding","utr","chr4-141790761-141790931","chr4-141789556-141791560",0
"ENSMUST00000179238","ENSMUST00000179238","Psap","ENSMUSG00000004207","protein_coding","cds","chr10-60277743-60277782","chr10-60276487-60288191",0
"ENSMUST00000070368","ENSMUST00000070368","Siah2","ENSMUSG00000036432","protein_coding","cds","chr3-58675886-58676443","chr3-58671593-58687895",0
"ENSMUST00000186952","ENSMUST00000186952","Atp5g2","ENSMUSG00000062683","protein_coding","utr","chr15-102671724-102672352","chr15-102670050-102674242",0
"ENSMUST00000050183","ENSMUST00000050183","Uaca","ENSMUSG00000034485","protein_coding","utr","chr9-60880246-60880370","chr9-60997221-61000994",116850
"ENSMUST00000112411","ENSMUST00000112411","Ctse","ENSMUSG00000004552","protein_coding","gap","chr1-131638558-131661875","chr1-131657478-131658903",0
"ENSMUST00000025234","ENSMUST00000025234","Epb4.1l4a","ENSMUSG00000024376","protein_coding","gap","chr18-33891477-33921829","chr18-33906744-33909466",0
"ENSMUST00000162461","ENSMUST00000162461","Rad52","ENSMUSG00000030166","protein_coding","cds","chr6-119920110-119920190","chr6-119917962-119920170",0
"ENSMUST00000053594","ENSMUST00000053594","Cradd","ENSMUSG00000045867","protein_coding","utr","chr10-95174746-95175676","chr10-95085506-95089131",85614
"ENSMUST00000121402","ENSMUST00000121402","Aip","ENSMUSG00000024847","protein_coding","cds","chr19-4121336-4121434","chr19-4119576-4123613",0
"ENSMUSE00000640780","ENSMUST00000099328","Anapc15-ps","ENSMUSG00000074780","protein_coding","exon","chr10-95673397-95673451","chr10-95676331-95679522",2879
"ENSMUST00000055117","ENSMUST00000055117","Lemd2","ENSMUSG00000044857","protein_coding","cds","chr17-27203659-27204418","chr17-27198051-27208104",0
"ENSMUST00000114050","ENSMUST00000114050","Tmsb10","ENSMUSG00000079523","protein_coding","cds","chr6-72957913-72958012","chr6-72954388-72959852",0
"ENSMUST00000161948","ENSMUST00000161948","Nckap5l","ENSMUSG00000023009","protein_coding","gap","chr15-99434190-99457631","chr15-99448408-99450566",0
"ENSMUST00000172018","ENSMUST00000172018","Wac","ENSMUSG00000024283","protein_coding","cds","chr18-7871606-7871744","chr18-7867348-7879222",0
"ENSMUST00000099556","ENSMUST00000099556","Fam122a","ENSMUSG00000074922","protein_coding","cds","chr19-24476502-24477356","chr19-24476274-24478911",0
"ENSMUST00000052718","ENSMUST00000052718","Kcna3","ENSMUSG00000047959","protein_coding","cds","chr3-107036423-107038009","chr3-107033986-107041178",0
"ENSMUSE00000393435","ENSMUST00000112824","Arhgap15","ENSMUSG00000049744","protein_coding","exon","chr2-43748824-43748899","chr2-43738139-43740367",8456
"ENSMUST00000080859","ENSMUST00000080859","Hist1h3g","ENSMUSG00000099517","protein_coding","cds","chr13-23535446-23535856","chr13-23533312-23536539",0
"ENSMUST00000100181","ENSMUST00000100181","Cyth1","ENSMUSG00000017132","protein_coding","gap","chr11-118133375-118169015","chr11-118143528-118148809",0
"ENSMUST00000047013","ENSMUST00000047013","Cmtm8","ENSMUSG00000041012","protein_coding","cds","chr9-114790638-114790754","chr9-114787157-114792728",0
"ENSMUST00000171109.1","ENSMUST00000171109","Cables1","ENSMUSG00000040957","protein_coding","cds","chr18-11839806-11840533","chr18-11836352-11854066",0
"ENSMUST00000062118","ENSMUST00000062118","Pigv","ENSMUSG00000043257","protein_coding","cds","chr4-133664658-133665779","chr4-133664419-133667334",0
"ENSMUST00000111438","ENSMUST00000111438","Ddx55","ENSMUSG00000029389","protein_coding","cds","chr5-124554671-124554757","chr5-124551253-124555620",0
"ENSMUST00000155791","ENSMUST00000155791","Dyrk1a","ENSMUSG00000022897","protein_coding","utr","chr16-94570907-94570976","chr16-94566030-94582632",0
"ENSMUST00000167804","ENSMUST00000167804","Fiz1","ENSMUSG00000061374","protein_coding","cds","chr7-5012678-5012989","chr7-5012730-5017814",0
"ENSMUST00000110310","ENSMUST00000110310","Dusp22","ENSMUSG00000069255","protein_coding","cds","chr13-30660126-30660146","chr13-30657960-30661039",0
"ENSMUST00000126922","ENSMUST00000126922","2010013B24Rik","ENSMUSG00000087277","lincRNA","gap","chr6-145303471-145308523","chr6-145301692-145308513",0
"ENSMUST00000144742","ENSMUST00000144742","Cenpa","ENSMUSG00000029177","protein_coding","cds","chr5-30667029-30667113","chr5-30665849-30670450",0
"ENSMUST00000150135","ENSMUST00000150135","Prkag2","ENSMUSG00000028944","protein_coding","cds","chr5-24908323-24908353","chr5-24906508-24910281",0
"ENSMUST00000122389","ENSMUST00000122389","Disc1","ENSMUSG00000043051","protein_coding","gap","chr8-125054285-125087453","chr8-125066255-125069816",0
"ENSMUST00000074248","ENSMUST00000074248","Sh2d3c","ENSMUSG00000059013","protein_coding","cds","chr2-32721159-32721195","chr2-32718502-32723762",0
"ENSMUST00000129564","ENSMUST00000129564","Dennd4b","ENSMUSG00000042404","protein_coding","utr","chr3-90279923-90280669","chr3-90291729-90298378",11059
"ENSMUST00000119015","ENSMUST00000119015","Pptc7","ENSMUSG00000038582","protein_coding","cds","chr5-122317111-122317234","chr5-122313214-122318595",0
"ENSMUST00000069066","ENSMUST00000069066","Fam49a","ENSMUSG00000020589","protein_coding","gap","chr12-12276416-12304180","chr12-12299448-12303854",0
"ENSMUST00000162945","ENSMUST00000162945","Spata13","ENSMUSG00000021990","protein_coding","cds","chr14-60747441-60747626","chr14-60731155-60747703",0
"ENSMUST00000145368","ENSMUST00000145368","Capzb","ENSMUSG00000028745","protein_coding","cds","chr4-139199326-139199328","chr4-139191096-139202227",0
"ENSMUSE00000961621","ENSMUST00000175924","Cpsf6","ENSMUSG00000055531","protein_coding","exon","chr10-117379980-117380015","chr10-117416905-117419426",36889
"ENSMUST00000148298","ENSMUST00000148298","Anxa6","ENSMUSG00000018340","protein_coding","gap","chr11-55021581-55033358","chr11-55022042-55024889",0
"ENSMUST00000099353","ENSMUST00000099353","Sfr1","ENSMUSG00000025066","protein_coding","cds","chr19-47732630-47732988","chr19-47729651-47733232",0
"ENSMUST00000057167","ENSMUST00000057167","Slc34a1","ENSMUSG00000021490","protein_coding","cds","chr13-55413134-55413637","chr13-55411016-55415639",0
"ENSMUST00000025831","ENSMUST00000025831","Dock8","ENSMUSG00000052085","protein_coding","cds","chr19-25051487-25051589","chr19-25050704-25054843",0
"ENSMUST00000131802","ENSMUST00000131802","Lcp1","ENSMUSG00000021998","protein_coding","utr","chr14-75190329-75190537","chr14-75185659-75198029",0
"ENSMUSE00000615433","ENSMUST00000057442","Diras2","ENSMUSG00000047842","protein_coding","exon","chr13-52530420-52530836","chr13-52550396-52553303",19559
"ENSMUST00000032421","ENSMUST00000032421","St8sia1","ENSMUSG00000030283","protein_coding","cds","chr6-142867854-142867946","chr6-142865036-142868634",0
"ENSMUST00000119315","ENSMUST00000119315","Gimap6","ENSMUSG00000047867","protein_coding","cds","chr6-48704405-48704506","chr6-48696816-48706777",0
"ENSMUST00000099148","ENSMUST00000099148","3110070M22Rik","ENSMUSG00000074635","protein_coding","cds","chr13-119487852-119488208","chr13-119487020-119490248",0
"ENSMUST00000163193","ENSMUST00000163193","Hlcs","ENSMUSG00000040820","protein_coding","gap","chr16-94141417-94231063","chr16-94147019-94153176",0
"ENSMUST00000176816","ENSMUST00000176816","Mta3","ENSMUSG00000055817","protein_coding","cds","chr17-83775582-83775770","chr17-83772343-83775734",0
"ENSMUST00000152198","ENSMUST00000152198","Ptov1","ENSMUSG00000038502","protein_coding","cds","chr7-44864913-44864940","chr7-44859645-44870884",0
"ENSMUST00000177755","ENSMUST00000177755","Maml2","ENSMUSG00000031925","protein_coding","gap","chr9-13662654-13697173","chr9-13680684-13682467",0
"ENSMUSE00001192284","ENSMUST00000181833","C430002E04Rik","ENSMUSG00000097639","lincRNA","exon","chr3-41488804-41489736","chr3-41407499-41409813",78990
"ENSMUST00000176456.1","ENSMUST00000176456","Flt3","ENSMUSG00000042817","protein_coding","gap","chr5-147383507-147400219","chr5-147390647-147394517",0
"ENSMUST00000135057","ENSMUST00000135057","Itsn1","ENSMUSG00000022957","protein_coding","cds","chr16-91793607-91793767","chr16-91785144-91797306",0
"ENSMUSE00000537791","ENSMUST00000100737","P2rx7","ENSMUSG00000029468","protein_coding","exon","chr5-122643911-122644198","chr5-122635006-122640469",3441
"ENSMUST00000151414","ENSMUST00000151414","Cops4","ENSMUSG00000035297","protein_coding","gap","chr5-100518551-100528538","chr5-100525599-100527138",0
"ENSMUSE00000584342","ENSMUST00000034846","1700017B05Rik","ENSMUSG00000032300","protein_coding","exon","chr9-57262429-57262599","chr9-57277383-57279667",14783
"ENSMUST00000167435","ENSMUST00000167435","Akt2","ENSMUSG00000004056","protein_coding","cds","chr7-27608708-27608753","chr7-27590461-27611345",0
"ENSMUST00000166603","ENSMUST00000166603","Cdc34","ENSMUSG00000020307","protein_coding","cds","chr10-79685005-79685102","chr10-79680390-79685043",0
"ENSMUST00000000687.1","ENSMUST00000000687","Haao","ENSMUSG00000000673","protein_coding","cds","chr17-83832327-83832395","chr17-83828200-83832688",0
"ENSMUST00000102963","ENSMUST00000102963","Dnaic1","ENSMUSG00000061322","protein_coding","gap","chr4-41625352-41629791","chr4-41627189-41629335",0
"ENSMUST00000177743","ENSMUST00000177743","Hnrnpf","ENSMUSG00000042079","protein_coding","utr","chr6-117900324-117900506","chr6-117899125-117901406",0
"ENSMUSE00000835280","ENSMUST00000156109","Gm15323","ENSMUSG00000086092","lincRNA","exon","chr13-112005502-112005627","chr13-111999816-112003826",1675
"ENSMUST00000060366","ENSMUST00000060366","Zfp36l2","ENSMUSG00000045817","protein_coding","cds","chr17-84187644-84187694","chr17-84184785-84191736",0
"ENSMUST00000106282","ENSMUST00000106282","Bcl7c","ENSMUSG00000030814","protein_coding","cds","chr7-127708436-127708438","chr7-127707072-127709809",0
"ENSMUST00000043709","ENSMUST00000043709","Gna15","ENSMUSG00000034792","protein_coding","gap","chr10-81514422-81523809","chr10-81516395-81520724",0
"ENSMUST00000156990","ENSMUST00000156990","Tcf3","ENSMUSG00000020167","protein_coding","cds","chr10-80430937-80430985","chr10-80430193-80437297",0
"ENSMUST00000102926","ENSMUST00000102926","Anp32b","ENSMUSG00000028333","protein_coding","cds","chr4-46451296-46451349","chr4-46448579-46459671",0
"ENSMUST00000185707","ENSMUST00000185707","Rbm15b","ENSMUSG00000074102","protein_coding","cds","chr9-106885239-106885619","chr9-106881190-106888638",0
"ENSMUST00000125757","ENSMUST00000125757","Pnpla8","ENSMUSG00000036257","protein_coding","utr","chr12-44275271-44275351","chr12-44268088-44276887",0
"ENSMUST00000031281.1","ENSMUST00000031281","Antxr2","ENSMUSG00000029338","protein_coding","gap","chr5-98004941-98027470","chr5-98016157-98019492",0
"ENSMUST00000026891","ENSMUST00000026891","Exosc7","ENSMUSG00000025785","protein_coding","cds","chr9-123113266-123113322","chr9-123111486-123114422",0
"ENSMUST00000085573","ENSMUST00000085573","Traf5","ENSMUSG00000026637","protein_coding","gap","chr1-192070636-192092255","chr1-192077152-192080470",0
"ENSMUST00000105821","ENSMUST00000105821","Kif17","ENSMUSG00000028758","protein_coding","gap","chr4-138281467-138289240","chr4-138281962-138283645",0
"ENSMUST00000115414","ENSMUST00000115414","Ilf3","ENSMUSG00000032178","protein_coding","utr","chr9-21368019-21368099","chr9-21365652-21371820",0
"ENSMUST00000135686","ENSMUST00000135686","Gmfg","ENSMUSG00000060791","protein_coding","cds","chr7-28445917-28445992","chr7-28440156-28449135",0
"ENSMUST00000154371","ENSMUST00000154371","Tmem123","ENSMUSG00000050912","protein_coding","cds","chr9-7764222-7764312","chr9-7762701-7768245",0
"ENSMUST00000155897","ENSMUST00000155897","Evi5","ENSMUSG00000011831","protein_coding","gap","chr5-107748458-107764675","chr5-107757825-107760812",0
"ENSMUST00000059231","ENSMUST00000059231","Frat2","ENSMUSG00000047604","protein_coding","cds","chr19-41847216-41847911","chr19-41843981-41852406",0
"ENSMUST00000010421","ENSMUST00000010421","2610507B11Rik","ENSMUSG00000010277","protein_coding","cds","chr11-78263590-78263639","chr11-78260451-78263634",0
"ENSMUST00000026008","ENSMUST00000026008","Trim8","ENSMUSG00000025034","protein_coding","cds","chr19-46513108-46513341","chr19-46499287-46513266",0
"ENSMUST00000024042","ENSMUST00000024042","Creld2","ENSMUSG00000023272","protein_coding","cds","chr15-88820529-88820639","chr15-88818340-88820842",0
"ENSMUST00000145695","ENSMUST00000145695","Tdrp","ENSMUSG00000050052","protein_coding","gap","chr8-13955818-13974540","chr8-13963834-13965969",0
"ENSMUST00000126258","ENSMUST00000126258","Tfeb","ENSMUSG00000023990","protein_coding","utr","chr17-47737600-47737766","chr17-47736508-47740691",0
"ENSMUST00000023867","ENSMUST00000023867","Rfc2","ENSMUSG00000023104","protein_coding","cds","chr5-134582789-134582886","chr5-134581984-134585610",0
"ENSMUST00000002976","ENSMUST00000002976","Il17ra","ENSMUSG00000002897","protein_coding","cds","chr6-120474290-120474416","chr6-120469161-120474536",0
"ENSMUST00000150462","ENSMUST00000150462","Trp53i11","ENSMUSG00000068735","protein_coding","utr","chr2-93189089-93189223","chr2-93186257-93195103",0
"ENSMUST00000155620","ENSMUST00000155620","Vgll4","ENSMUSG00000030315","protein_coding","gap","chr6-114864080-114874764","chr6-114868459-114887871",0
"ENSMUST00000044338","ENSMUST00000044338","Arhgap33","ENSMUSG00000036882","protein_coding","cds","chr7-30534103-30534180","chr7-30532949-30536255",0
"ENSMUST00000101151","ENSMUST00000101151","Iqsec1","ENSMUSG00000034312","protein_coding","gap","chr6-90694851-90809767","chr6-90780497-90784669",0
"ENSMUST00000112711.1","ENSMUST00000112711","Ninj2","ENSMUSG00000041377","protein_coding","gap","chr6-120093459-120197902","chr6-120111436-120115744",0
"ENSMUST00000085709","ENSMUST00000085709","Ppcdc","ENSMUSG00000063849","protein_coding","cds","chr9-57434903-57435037","chr9-57432277-57435450",0
"ENSMUST00000156726","ENSMUST00000156726","Nek6","ENSMUSG00000026749","protein_coding","gap","chr2-38514659-38550552","chr2-38529244-38539269",0
"ENSMUST00000156198","ENSMUST00000156198","Rassf1","ENSMUSG00000010067","protein_coding","cds","chr9-107557453-107557457","chr9-107553296-107557593",0
"ENSMUST00000180566","ENSMUST00000180566","4930562C15Rik","ENSMUSG00000022518","protein_coding","cds","chr16-4860964-4861062","chr16-4860617-4882293",0
"ENSMUST00000102920","ENSMUST00000102920","Gck","ENSMUSG00000041798","protein_coding","cds","chr11-5949555-5949599","chr11-5948120-5950496",0
"ENSMUST00000146865","ENSMUST00000146865","Prkar2b","ENSMUSG00000002997","protein_coding","gap","chr12-31993784-32038621","chr12-32014543-32019672",0
"ENSMUST00000152578","ENSMUST00000152578","Dnajc5","ENSMUSG00000000826","protein_coding","gap","chr2-181520986-181546370","chr2-181536326-181538763",0
"ENSMUST00000108817","ENSMUST00000108817","Hist3h2a","ENSMUSG00000078851","protein_coding","cds","chr11-58954738-58955130","chr11-58953037-58964262",0
"ENSMUSE00000609756","ENSMUST00000071563","Cracr2a","ENSMUSG00000061414","protein_coding","exon","chr6-127577975-127578091","chr6-127560706-127567143",10831
"ENSMUST00000028517","ENSMUST00000028517","Ola1","ENSMUSG00000027108","protein_coding","utr","chr2-73092801-73093622","chr2-73053760-73056935",35865
"ENSMUST00000162020","ENSMUST00000162020","Ccdc102a","ENSMUSG00000063605","protein_coding","cds","chr8-94913565-94913664","chr8-94912374-94920240",0
"ENSMUSE00000796351.1","ENSMUST00000023693","Ifnar2","ENSMUSG00000022971","protein_coding","exon","chr16-91372783-91373074","chr16-91351811-91356126",16656
"ENSMUST00000144323","ENSMUST00000144323","Smad6","ENSMUSG00000036867","protein_coding","gap","chr9-63954057-63989471","chr9-63966891-63976967",0
"ENSMUST00000195207","ENSMUST00000195207","Prkcq","ENSMUSG00000026778","protein_coding","gap","chr2-11236079-11245252","chr2-11238911-11240779",0
"ENSMUST00000060989","ENSMUST00000060989","Sorl1","ENSMUSG00000049313","protein_coding","gap","chr9-42092471-42099144","chr9-42093981-42096060",0
"ENSMUST00000103145","ENSMUST00000103145","E2f1","ENSMUSG00000027490","protein_coding","cds","chr2-154569489-154569734","chr2-154567665-154572378",0
"ENSMUST00000142247","ENSMUST00000142247","Zfp91","ENSMUSG00000024695","protein_coding","cds","chr19-12794984-12795333","chr19-12792280-12799161",0
"ENSMUST00000168787","ENSMUST00000168787","Btbd9","ENSMUSG00000062202","protein_coding","utr","chr17-30576146-30576287","chr17-30573754-30579762",0
"ENSMUST00000032561","ENSMUST00000032561","Vasp","ENSMUSG00000030403","protein_coding","cds","chr7-19264654-19264825","chr7-19264437-19267621",0
"ENSMUST00000170594","ENSMUST00000170594","Klhl15","ENSMUSG00000043929","protein_coding","utr","chrX-94235311-94235420","chrX-94233471-94236702",0
"ENSMUST00000177155","ENSMUST00000177155","9930021J03Rik","ENSMUSG00000046138","protein_coding","cds","chr19-29805282-29805874","chr19-29803942-29807097",0
"ENSMUST00000111881","ENSMUST00000111881","Nfkb2","ENSMUSG00000025225","protein_coding","cds","chr19-46306942-46307093","chr19-46303324-46307230",0
"ENSMUST00000145664","ENSMUST00000145664","Arid1a","ENSMUSG00000007880","protein_coding","cds","chr4-133752469-133753611","chr4-133737365-133758852",0
"ENSMUST00000093299","ENSMUST00000093299","Spred2","ENSMUSG00000045671","protein_coding","cds","chr11-19924931-19924956","chr11-19923262-19928057",0
"ENSMUST00000092143","ENSMUST00000092143","Msrb3","ENSMUSG00000051236","protein_coding","gap","chr10-120871152-120898832","chr10-120881624-120884678",0
"ENSMUST00000036072","ENSMUST00000036072","5031414D18Rik","ENSMUSG00000034959","protein_coding","cds","chr14-75035419-75035501","chr14-75032254-75035785",0
"ENSMUST00000105351","ENSMUST00000105351","Plk5","ENSMUSG00000035486","protein_coding","utr","chr10-80365282-80365489","chr10-80367031-80373106",1541
"ENSMUSE00001326338","ENSMUST00000187879","Gm29004","ENSMUSG00000099538","lincRNA","exon","chr6-51003936-51004253","chr6-51167332-51186799",163078
"ENSMUST00000066888","ENSMUST00000066888","Utp18","ENSMUSG00000054079","protein_coding","cds","chr11-93885334-93885657","chr11-93883141-93888742",0
"ENSMUST00000122053","ENSMUST00000122053","Cacna1a","ENSMUSG00000034656","protein_coding","cds","chr8-84639238-84639708","chr8-84637138-84643025",0
"ENSMUST00000154724","ENSMUST00000154724","Gm21983","ENSMUSG00000095538","protein_coding","cds","chr7-27180169-27180279","chr7-27177139-27180416",0
"ENSMUST00000141047","ENSMUST00000141047","Gm21985","ENSMUSG00000096764","protein_coding","cds","chr2-112266822-112267092","chr2-112261303-112272028",0
"ENSMUST00000033000","ENSMUST00000033000","Il21r","ENSMUSG00000030745","protein_coding","cds","chr7-125632269-125632991","chr7-125629487-125640038",0
"ENSMUST00000127798","ENSMUST00000127798","Supt3","ENSMUSG00000038954","protein_coding","utr","chr17-44777396-44777428","chr17-44776356-44778673",0
"ENSMUST00000177457","ENSMUST00000177457","Frmd4a","ENSMUSG00000026657","protein_coding","gap","chr2-4484133-4497988","chr2-4491874-4494903",0
"ENSMUST00000174020","ENSMUST00000174020","Rab2b","ENSMUSG00000022159","protein_coding","cds","chr14-52279196-52279241","chr14-52278284-52291445",0
"ENSMUST00000062153","ENSMUST00000062153","Rilpl1","ENSMUSG00000029392","protein_coding","cds","chr5-124530675-124530983","chr5-124522978-124533010",0
"ENSMUST00000105393","ENSMUST00000105393","Icosl","ENSMUSG00000000732","protein_coding","utr","chr10-78077904-78079525","chr10-78086261-78088770",6735
"ENSMUST00000054399","ENSMUST00000054399","Ing1","ENSMUSG00000045969","protein_coding","cds","chr8-11556910-11557045","chr8-11554449-11559945",0
"ENSMUST00000110233","ENSMUST00000110233","Cage1","ENSMUSG00000044566","protein_coding","gap","chr13-38008009-38011347","chr13-38008801-38011320",0
"ENSMUST00000129966","ENSMUST00000129966","Srsf4","ENSMUSG00000028911","protein_coding","cds","chr4-131873816-131873870","chr4-131872299-131875772",0
"ENSMUST00000191138","ENSMUST00000191138","Hivep2","ENSMUSG00000015501","protein_coding","utr","chr10-13966379-13966697","chr10-13963419-13969478",0
"ENSMUST00000170799","ENSMUST00000170799","Evi2a","ENSMUSG00000078771","protein_coding","cds","chr11-79527111-79527782","chr11-79516924-79532128",0
"ENSMUST00000170336","ENSMUST00000170336","R3hdm2","ENSMUSG00000025404","protein_coding","cds","chr10-127471768-127472000","chr10-127469266-127473329",0
"ENSMUST00000102561","ENSMUST00000102561","Rpa2","ENSMUSG00000028884","protein_coding","cds","chr4-132768680-132768786","chr4-132767060-132769452",0
"ENSMUST00000143277","ENSMUST00000143277","Pum1","ENSMUSG00000028580","protein_coding","cds","chr4-130668936-130669298","chr4-130661932-130680267",0
"ENSMUST00000155692","ENSMUST00000155692","Ttc3","ENSMUSG00000040785","protein_coding","cds","chr16-94370926-94370971","chr16-94368261-94375217",0
"ENSMUST00000041643","ENSMUST00000041643","Pcif1","ENSMUSG00000039849","protein_coding","utr","chr2-164879365-164879489","chr2-164877019-164881944",0
"ENSMUST00000151111","ENSMUST00000151111","Pde4d","ENSMUSG00000021699","protein_coding","gap","chr13-108536644-108654104","chr13-108646418-108649328",0
"ENSMUST00000150795","ENSMUST00000150795","Rin3","ENSMUSG00000044456","protein_coding","gap","chr12-102283327-102312974","chr12-102301445-102306027",0
"ENSMUST00000100770","ENSMUST00000100770","Ptpn11","ENSMUSG00000043733","protein_coding","utr","chr5-121130533-121134146","chr5-121121177-121126428",4104
"ENSMUST00000017365","ENSMUST00000017365","Psmd3","ENSMUSG00000017221","protein_coding","cds","chr11-98682730-98682937","chr11-98679997-98683903",0
"ENSMUSE00001318189","ENSMUST00000045897","Ptma","ENSMUSG00000026238","protein_coding","exon","chr1-86526726-86526950","chr1-86486671-86489521",37204
"ENSMUST00000003870","ENSMUST00000003870","Mxi1","ENSMUSG00000025025","protein_coding","cds","chr19-53310700-53310973","chr19-53309321-53315632",0
"ENSMUST00000164655","ENSMUST00000164655","Hnrnpc","ENSMUSG00000060373","protein_coding","utr","chr14-52103889-52104028","chr14-52088519-52105023",0
"ENSMUST00000112113","ENSMUST00000112113","Cabp1","ENSMUSG00000029544","protein_coding","cds","chr5-115169123-115169148","chr5-115165347-115169443",0
"ENSMUSE00000501876","ENSMUST00000032321","Bcl2l14","ENSMUSG00000030200","protein_coding","exon","chr6-134396318-134396419","chr6-134363471-134370881",25436
"ENSMUST00000174097","ENSMUST00000174097","Jakmip1","ENSMUSG00000063646","protein_coding","gap","chr5-37029951-37085235","chr5-37066272-37068326",0
"ENSMUST00000073961.1","ENSMUST00000073961","Ptpre","ENSMUSG00000041836","protein_coding","gap","chr7-135538117-135601464","chr7-135579416-135589468",0
"ENSMUST00000105877","ENSMUST00000105877","Pdik1l","ENSMUSG00000050890","protein_coding","cds","chr4-134287161-134287193","chr4-134286105-134289283",0
"ENSMUST00000130083","ENSMUST00000130083","Gm13447","ENSMUSG00000085668","lincRNA","gap","chr2-35504025-35505872","chr2-35502251-35509384",0
"ENSMUSE00000877974","ENSMUST00000172082","Mtdh","ENSMUSG00000022255","protein_coding","exon","chr15-34082694-34083413","chr15-34049002-34051157",31536
"ENSMUST00000021692","ENSMUST00000021692","Yy1","ENSMUSG00000021264","protein_coding","cds","chr12-108793413-108794091","chr12-108790636-108802841",0
"ENSMUSE00001151635","ENSMUST00000181846","1500012K07Rik","ENSMUSG00000097247","lincRNA","exon","chr7-75329405-75331419","chr7-75369417-75373592",37997
"ENSMUST00000078214","ENSMUST00000078214","Skap2","ENSMUSG00000059182","protein_coding","utr","chr6-51859166-51859570","chr6-51764912-51768984",90181
"ENSMUST00000177374","ENSMUST00000177374","Asap1","ENSMUSG00000022377","protein_coding","cds","chr15-64102403-64102472","chr15-64098742-64102495",0
"ENSMUST00000026999","ENSMUST00000026999","Smad7","ENSMUSG00000025880","protein_coding","utr","chr18-75394366-75395935","chr18-75409513-75412866",13577
"ENSMUST00000179233","ENSMUST00000179233","Vdac3","ENSMUSG00000008892","protein_coding","utr","chr8-22593684-22593813","chr8-22591309-22595252",0
"ENSMUST00000117262","ENSMUST00000117262","Slc4a1ap","ENSMUSG00000029141","protein_coding","utr","chr5-31553789-31554042","chr5-31570439-31572397",16396
"ENSMUST00000166750.1","ENSMUST00000166750","Cmip","ENSMUSG00000034390","protein_coding","gap","chr8-117257402-117377074","chr8-117287307-117292673",0
"ENSMUST00000137065","ENSMUST00000137065","Smad3","ENSMUSG00000032402","protein_coding","gap","chr9-63667923-63742969","chr9-63730733-63741097",0
"ENSMUST00000034243","ENSMUST00000034243","Mmp15","ENSMUSG00000031790","protein_coding","cds","chr8-95371006-95371121","chr8-95368693-95371120",0
"ENSMUST00000000889","ENSMUST00000000889","Il4","ENSMUSG00000000869","protein_coding","cds","chr11-53618475-53618606","chr11-53614213-53624515",0
"ENSMUST00000156173","ENSMUST00000156173","Gga3","ENSMUSG00000020740","protein_coding","cds","chr11-115603828-115603867","chr11-115600652-115605182",0
"ENSMUST00000000543","ENSMUST00000000543","Grasp","ENSMUSG00000000531","protein_coding","utr","chr15-101232017-101232755","chr15-101245690-101250843",12934
"ENSMUST00000035007","ENSMUST00000035007","Cmtm6","ENSMUSG00000032434","protein_coding","cds","chr9-114746439-114746576","chr9-114742014-114746928",0
"ENSMUSE00000733649","ENSMUST00000141580","Gm12434","ENSMUSG00000085660","lincRNA","exon","chr4-47996456-47996547","chr4-47839183-47843059",153396
"ENSMUST00000150275","ENSMUST00000150275","Hexim2","ENSMUSG00000043372","protein_coding","cds","chr11-103134079-103134141","chr11-103129972-103136813",0
"ENSMUST00000053705","ENSMUST00000053705","B3gnt1","ENSMUSG00000047379","protein_coding","cds","chr19-5040307-5040498","chr19-5037668-5042333",0
"ENSMUST00000034443","ENSMUST00000034443","Cdh15","ENSMUSG00000031962","protein_coding","cds","chr8-122866823-122867023","chr8-122864148-122875003",0
"ENSMUST00000114373","ENSMUST00000114373","Noxa1","ENSMUSG00000036805","protein_coding","cds","chr2-25094748-25094924","chr2-25093958-25096412",0
"ENSMUST00000141806","ENSMUST00000141806","Tcp11","ENSMUSG00000062859","protein_coding","cds","chr17-28079922-28080279","chr17-28079175-28082697",0
"ENSMUST00000021800.1","ENSMUST00000021800","Mcur1","ENSMUSG00000021371","protein_coding","cds","chr13-43554896-43555015","chr13-43554249-43555829",0
"ENSMUST00000167773","ENSMUST00000167773","Dpp8","ENSMUSG00000032393","protein_coding","utr","chr9-65032722-65032926","chr9-65031111-65034523",0
"ENSMUST00000170846","ENSMUST00000170846","Fam214a","ENSMUSG00000034858","protein_coding","gap","chr9-74953831-75004264","chr9-74963882-74966037",0
"ENSMUST00000069965","ENSMUST00000069965","Cdk17","ENSMUSG00000020015","protein_coding","utr","chr10-93160876-93161200","chr10-93158863-93173595",0
"ENSMUST00000109218","ENSMUST00000109218","Slc9a8","ENSMUSG00000039463","protein_coding","cds","chr2-167421752-167421765","chr2-167417154-167423371",0
"ENSMUST00000174080","ENSMUST00000174080","Flot1","ENSMUSG00000059714","protein_coding","cds","chr17-35830654-35830791","chr17-35828829-35830939",0
"ENSMUST00000144077","ENSMUST00000144077","Hspd1","ENSMUSG00000025980","protein_coding","cds","chr1-55086766-55086939","chr1-55085060-55090637",0
"ENSMUST00000076734","ENSMUST00000076734","Scaf8","ENSMUSG00000046201","protein_coding","cds","chr17-3115389-3115418","chr17-3113302-3116595",0
"ENSMUST00000180792","ENSMUST00000180792","Snx29","ENSMUSG00000071669","protein_coding","gap","chr16-11511043-11571698","chr16-11525133-11530994",0
"ENSMUST00000144843","ENSMUST00000144843","Slain2","ENSMUSG00000036087","protein_coding","cds","chr5-72914625-72915013","chr5-72912892-72917585",0
"ENSMUST00000032892","ENSMUST00000032892","Xylt1","ENSMUSG00000030657","protein_coding","cds","chr7-117634600-117634816","chr7-117634356-117637202",0
"ENSMUST00000142271","ENSMUST00000142271","Fkbp1a","ENSMUSG00000032966","protein_coding","cds","chr2-151543899-151544140","chr2-151540945-151546612",0
"ENSMUST00000107734","ENSMUST00000107734","Kat7","ENSMUSG00000038909","protein_coding","cds","chr11-95310035-95310049","chr11-95307846-95311605",0
"ENSMUST00000105421","ENSMUST00000105421","Specc1l","ENSMUSG00000033444","protein_coding","utr","chr10-75212073-75212219","chr10-75211182-75213591",0
"ENSMUST00000170033","ENSMUST00000170033","Lig4","ENSMUSG00000049717","protein_coding","utr","chr8-9977513-9977686","chr8-9975197-9979133",0
"ENSMUST00000117319","ENSMUST00000117319","Slc4a1ap","ENSMUSG00000029141","protein_coding","cds","chr5-31527022-31527684","chr5-31526184-31527792",0
"ENSMUST00000176538","ENSMUST00000176538","Phospho1","ENSMUSG00000050860","protein_coding","cds","chr11-95831528-95831572","chr11-95826783-95839433",0
"ENSMUST00000164763","ENSMUST00000164763","Rev3l","ENSMUSG00000019841","protein_coding","cds","chr10-39732475-39732613","chr10-39730545-39735039",0
"ENSMUST00000153398","ENSMUST00000153398","Brwd1","ENSMUSG00000022914","protein_coding","cds","chr16-96082254-96082302","chr16-96080072-96090305",0
"ENSMUST00000069483","ENSMUST00000069483","Fbrsl1","ENSMUSG00000043323","protein_coding","cds","chr5-110447880-110448167","chr5-110426464-110450592",0
"ENSMUSE00000767843","ENSMUST00000126595","Plb1","ENSMUSG00000029134","protein_coding","exon","chr5-32232708-32232791","chr5-32197335-32200485",32222
"ENSMUST00000140588","ENSMUST00000140588","4930515B02Rik","ENSMUSG00000087045","lincRNA","gap","chr4-140872865-140877540","chr4-140867254-140872989",0
"ENSMUST00000060174","ENSMUST00000060174","P2ry6","ENSMUSG00000048779","protein_coding","gap","chr7-100940019-100964218","chr7-100947963-100952478",0
"ENSMUST00000021345","ENSMUST00000021345","Gtf2a1","ENSMUSG00000020962","protein_coding","cds","chr12-91589535-91589564","chr12-91586991-91592627",0
"ENSMUST00000039608","ENSMUST00000039608","Dym","ENSMUSG00000035765","protein_coding","utr","chr18-75286770-75286966","chr18-75303968-75313422",17001
"ENSMUST00000168680","ENSMUST00000168680","Myh15","ENSMUSG00000092009","protein_coding","cds","chr16-49071040-49071133","chr16-49069523-49072824",0
"ENSMUSE00001136478","ENSMUST00000181315","9530052E02Rik","ENSMUSG00000096938","lincRNA","exon","chr8-11054124-11054541","chr8-11112252-11118428",57710
"ENSMUST00000061601","ENSMUST00000061601","Ust","ENSMUSG00000047712","protein_coding","gap","chr10-8207671-8245902","chr10-8212518-8215648",0
"ENSMUST00000099747","ENSMUST00000099747","B3galnt2","ENSMUSG00000039242","protein_coding","cds","chr13-13954805-13954919","chr13-13953302-13957221",0
"ENSMUST00000170934","ENSMUST00000170934","Zfp362","ENSMUSG00000028799","protein_coding","utr","chr4-128806012-128806045","chr4-128803368-128808414",0
"ENSMUST00000052437","ENSMUST00000052437","Lrrc25","ENSMUSG00000049988","protein_coding","cds","chr8-70617571-70618364","chr8-70615556-70620025",0
"ENSMUST00000091236","ENSMUST00000091236","Gpbp1","ENSMUSG00000032745","protein_coding","utr","chr13-111489718-111490028","chr13-111487917-111492630",0
"ENSMUSE00000896081","ENSMUST00000088452","Slc38a1","ENSMUSG00000023169","protein_coding","exon","chr15-96642491-96642913","chr15-96654497-96656162",11583
"ENSMUST00000119486","ENSMUST00000119486","Hmga1","ENSMUSG00000046711","protein_coding","cds","chr17-27562438-27562491","chr17-27545933-27562834",0
"ENSMUST00000114900","ENSMUST00000114900","Zc3hav1","ENSMUSG00000029826","protein_coding","cds","chr6-38340220-38340355","chr6-38336835-38346498",0
"ENSMUSE00000732230","ENSMUST00000037607","Map3k7","ENSMUSG00000028284","protein_coding","exon","chr4-31964097-31964382","chr4-31641939-31644102",319994
"ENSMUST00000102985","ENSMUST00000102985","Mcm10","ENSMUSG00000026669","protein_coding","utr","chr2-5011895-5012344","chr2-5011654-5013653",0
"ENSMUST00000167118","ENSMUST00000167118","Fbxo17","ENSMUSG00000030598","protein_coding","cds","chr7-28733429-28733540","chr7-28731202-28733833",0
"ENSMUSE00000688919","ENSMUST00000087485","C2cd5","ENSMUSG00000030279","protein_coding","exon","chr6-143099933-143100107","chr6-143113691-143117140",13583
"ENSMUST00000130705","ENSMUST00000130705","Tiparp","ENSMUSG00000034640","protein_coding","cds","chr3-65531811-65532184","chr3-65526533-65543251",0
"ENSMUST00000162599","ENSMUST00000162599","Arhgef4","ENSMUSG00000037509","protein_coding","cds","chr1-34804914-34805093","chr1-34800727-34805053",0
"ENSMUST00000179458","ENSMUST00000179458","Smad6","ENSMUSG00000036867","protein_coding","cds","chr9-64021760-64022032","chr9-64013487-64024029",0
"ENSMUST00000162529","ENSMUST00000162529","Sidt2","ENSMUSG00000034908","protein_coding","cds","chr9-45948215-45948308","chr9-45941223-45948351",0
"ENSMUST00000106239","ENSMUST00000106239","Stpg2","ENSMUSG00000047940","protein_coding","cds","chr3-139205899-139206007","chr3-139204856-139206473",0
"ENSMUST00000112121","ENSMUST00000112121","Mlec","ENSMUSG00000048578","protein_coding","cds","chr5-115157803-115158034","chr5-115152663-115161858",0
"ENSMUST00000112570","ENSMUST00000112570","Ccnt2","ENSMUSG00000026349","protein_coding","cds","chr1-127775101-127775182","chr1-127772889-127776993",0
"ENSMUST00000190105","ENSMUST00000190105","Gm20753","ENSMUSG00000101583","lincRNA","gap","chr1-106152748-106163562","chr1-106150783-106153669",0
"ENSMUST00000187832","ENSMUST00000187832","Rpl3","ENSMUSG00000060036","protein_coding","cds","chr15-80083324-80083326","chr15-80071341-80084378",0
"ENSMUST00000108886","ENSMUST00000108886","Tnip1","ENSMUSG00000020400","protein_coding","utr","chr11-54962833-54962916","chr11-54960967-54965620",0
"ENSMUST00000161892","ENSMUST00000161892","Smdt1","ENSMUSG00000022452","protein_coding","cds","chr15-82346084-82346220","chr15-82337403-82347689",0
"ENSMUST00000023072","ENSMUST00000023072","Parvb","ENSMUSG00000022438","protein_coding","cds","chr15-84312955-84313031","chr15-84311218-84316243",0
"ENSMUST00000041297","ENSMUST00000041297","Zbed4","ENSMUSG00000034333","protein_coding","utr","chr15-88751660-88751802","chr15-88749933-88754331",0
"ENSMUST00000164375","ENSMUST00000164375","Zyx","ENSMUSG00000029860","protein_coding","cds","chr6-42357852-42357956","chr6-42348179-42363951",0
"ENSMUST00000166750.2","ENSMUST00000166750","Cmip","ENSMUSG00000034390","protein_coding","gap","chr8-117257402-117377074","chr8-117337755-117341321",0
"ENSMUST00000002292","ENSMUST00000002292","Rmnd5a","ENSMUSG00000002222","protein_coding","cds","chr6-71439998-71440139","chr6-71436187-71442539",0
"ENSMUST00000153686","ENSMUST00000153686","Gm15676","ENSMUSG00000085583","lincRNA","gap","chr7-126808295-126808869","chr7-126807130-126810107",0
"ENSMUSE00001318189.1","ENSMUST00000045897","Ptma","ENSMUSG00000026238","protein_coding","exon","chr1-86526726-86526950","chr1-86498794-86508189",18536
"ENSMUST00000034775","ENSMUST00000034775","Fem1b","ENSMUSG00000032244","protein_coding","cds","chr9-62811058-62811305","chr9-62807639-62812979",0
"ENSMUSE00000649540","ENSMUST00000086075","Scarb1","ENSMUSG00000037936","protein_coding","exon","chr5-125340757-125341094","chr5-125357297-125359252",16202
"ENSMUST00000162694","ENSMUST00000162694","Polrmt","ENSMUSG00000020329","protein_coding","cds","chr10-79746465-79746552","chr10-79745823-79748050",0
"ENSMUST00000105349","ENSMUST00000105349","Mbd3","ENSMUSG00000035478","protein_coding","cds","chr10-80399218-80399231","chr10-80396973-80401276",0
"ENSMUST00000014642","ENSMUST00000014642","Ankrd52","ENSMUSG00000014498","protein_coding","cds","chr10-128379381-128379581","chr10-128375995-128379778",0
"ENSMUST00000159916","ENSMUST00000159916","Prrt2","ENSMUSG00000045114","protein_coding","cds","chr7-127019395-127020291","chr7-127019498-127028701",0
"ENSMUST00000136327","ENSMUST00000136327","Hmgn2","ENSMUSG00000003038","protein_coding","cds","chr4-133967795-133967809","chr4-133965787-133969494",0
"ENSMUST00000165937","ENSMUST00000165937","Tox2","ENSMUSG00000074607","protein_coding","gap","chr2-163225588-163247766","chr2-163227334-163230710",0
"ENSMUST00000135065","ENSMUST00000135065","Grb2","ENSMUSG00000059923","protein_coding","cds","chr11-115699152-115699229","chr11-115698856-115700432",0
"ENSMUST00000143630","ENSMUST00000143630","Atg16l2","ENSMUSG00000047767","protein_coding","cds","chr7-101301901-101302027","chr7-101299998-101303792",0
"ENSMUST00000103133","ENSMUST00000103133","Smarce1","ENSMUSG00000037935","protein_coding","utr","chr11-99209047-99210068","chr11-99182006-99183835",25211
"ENSMUST00000149034","ENSMUST00000149034","Slc39a11","ENSMUSG00000041654","protein_coding","gap","chr11-113523625-113559510","chr11-113543259-113547372",0
"ENSMUSE00000267495","ENSMUST00000140149","Enpp6","ENSMUSG00000038173","protein_coding","exon","chr8-46986925-46987211","chr8-46919511-46923844",63080
"ENSMUST00000171268","ENSMUST00000171268","Kcnt1","ENSMUSG00000058740","protein_coding","cds","chr2-25912655-25912717","chr2-25912430-25915472",0
"ENSMUST00000098367","ENSMUST00000098367","Mlycd","ENSMUSG00000074064","protein_coding","cds","chr8-119394946-119395470","chr8-119393715-119397486",0
"ENSMUST00000163272","ENSMUST00000163272","Suz12","ENSMUSG00000017548","protein_coding","cds","chr11-79993320-79993599","chr11-79991623-79994629",0
"ENSMUST00000058889","ENSMUST00000058889","Fancm","ENSMUSG00000055884","protein_coding","cds","chr12-65077042-65077214","chr12-65070723-65077437",0
"ENSMUST00000018478","ENSMUST00000018478","Ksr1","ENSMUSG00000018334","protein_coding","cds","chr11-79025243-79025339","chr11-79016992-79025378",0
"ENSMUST00000106499","ENSMUST00000106499","Grb2","ENSMUSG00000059923","protein_coding","utr","chr11-115644045-115645768","chr11-115638535-115643779",265
"ENSMUST00000147601","ENSMUST00000147601","Ggt7","ENSMUSG00000027603","protein_coding","cds","chr2-155514629-155514797","chr2-155512031-155519307",0
"ENSMUST00000107487","ENSMUST00000107487","Msl1","ENSMUSG00000052915","protein_coding","cds","chr11-98795831-98796604","chr11-98793701-98798897",0
"ENSMUST00000186568","ENSMUST00000186568","Ncf2","ENSMUSG00000026480","protein_coding","utr","chr1-152800194-152800513","chr1-152796656-152801110",0
"ENSMUST00000119092","ENSMUST00000119092","Prkch","ENSMUSG00000021108","protein_coding","cds","chr12-73585163-73585525","chr12-73582524-73601100",0
"ENSMUST00000005826","ENSMUST00000005826","Cs","ENSMUSG00000005683","protein_coding","cds","chr10-128337918-128337959","chr10-128335312-128339190",0
"ENSMUST00000190295","ENSMUST00000190295","Tet3","ENSMUSG00000034832","protein_coding","cds","chr6-83459007-83459039","chr6-83448450-83459309",0
"ENSMUST00000107626","ENSMUST00000107626","Sp2","ENSMUSG00000018678","protein_coding","cds","chr11-96977621-96977627","chr11-96976097-96979534",0
"ENSMUST00000023612","ENSMUST00000023612","Ets2","ENSMUSG00000022895","protein_coding","utr","chr16-95719139-95721051","chr16-95728381-95731341",7329
"ENSMUST00000107128","ENSMUST00000107128","Myo7a","ENSMUSG00000030761","protein_coding","cds","chr7-98085384-98085521","chr7-98081958-98086944",0
"ENSMUST00000025590","ENSMUST00000025590","Osbp","ENSMUSG00000024687","protein_coding","cds","chr19-11970687-11970895","chr19-11963812-11971345",0
"ENSMUST00000028288","ENSMUST00000028288","Notch1","ENSMUSG00000026923","protein_coding","cds","chr2-26484268-26484606","chr2-26481966-26484368",0
"ENSMUST00000146895","ENSMUST00000146895","Zbtb7a","ENSMUSG00000035011","protein_coding","cds","chr10-81143974-81144107","chr10-81132718-81144016",0
"ENSMUSE00000676927","ENSMUST00000021142","Atp2a3","ENSMUSG00000020788","protein_coding","exon","chr11-72961169-72961471","chr11-72944720-72949992",11176
"ENSMUST00000167327","ENSMUST00000167327","Actn1","ENSMUSG00000015143","protein_coding","cds","chr12-80168858-80169016","chr12-80166977-80169615",0
"ENSMUST00000037099","ENSMUST00000037099","Clic4","ENSMUSG00000037242","protein_coding","utr","chr4-135213969-135217100","chr4-135201803-135207142",6826
"ENSMUST00000168362","ENSMUST00000168362","Snd1","ENSMUSG00000001424","protein_coding","gap","chr6-28475208-28512834","chr6-28496420-28500581",0
"ENSMUST00000023117","ENSMUST00000023117","Phf5a","ENSMUSG00000061360","protein_coding","cds","chr15-81871813-81871864","chr15-81871184-81873227",0
"ENSMUST00000111861","ENSMUST00000111861","Pdcd6ip","ENSMUSG00000032504","protein_coding","cds","chr9-113707899-113708107","chr9-113703594-113709363",0
"ENSMUST00000180068","ENSMUST00000180068","Yjefn3","ENSMUSG00000048967","protein_coding","cds","chr8-69902698-69902712","chr8-69900706-69906015",0
"ENSMUST00000101801","ENSMUST00000101801","Vimp","ENSMUSG00000075701","protein_coding","cds","chr7-66080332-66080466","chr7-66078767-66080911",0
"ENSMUST00000137542","ENSMUST00000137542","Snx1","ENSMUSG00000032382","protein_coding","cds","chr9-66126443-66126457","chr9-66123143-66127691",0
"ENSMUST00000021148","ENSMUST00000021148","Ube2g1","ENSMUSG00000020794","protein_coding","cds","chr11-72607590-72607635","chr11-72606184-72609423",0
"ENSMUST00000050125.1","ENSMUST00000050125","2900026A02Rik","ENSMUSG00000051339","protein_coding","gap","chr5-113101578-113163057","chr5-113103638-113116173",0
"ENSMUST00000035842","ENSMUST00000035842","Rassf4","ENSMUSG00000042129","protein_coding","utr","chr6-116673724-116673836","chr6-116668081-116675489",0
"ENSMUST00000180679","ENSMUST00000180679","Gm26816","ENSMUSG00000097380","lincRNA","gap","chr8-110865652-110940289","chr8-110925753-110932421",0
"ENSMUST00000102864","ENSMUST00000102864","Rel","ENSMUSG00000020275","protein_coding","cds","chr11-23770680-23770689","chr11-23767059-23773224",0
"ENSMUST00000110191","ENSMUST00000110191","Gcnt2","ENSMUSG00000021360","protein_coding","cds","chr13-40958152-40958342","chr13-40912923-40961078",0
"ENSMUST00000194091","ENSMUST00000194091","Agrp","ENSMUSG00000005705","protein_coding","utr","chr8-105637280-105637393","chr8-105632990-105639051",0
"ENSMUST00000035930","ENSMUST00000035930","Zfp800","ENSMUSG00000039841","protein_coding","gap","chr6-28312590-28397671","chr6-28318731-28320744",0
"ENSMUSE00000729645","ENSMUST00000150621","Gm13412","ENSMUSG00000085017","lincRNA","exon","chr2-32525031-32525089","chr2-32492648-32497035",27995
"ENSMUST00000133149","ENSMUST00000133149","Cuedc1","ENSMUSG00000018378","protein_coding","gap","chr11-88099344-88169564","chr11-88143356-88153163",0
"ENSMUST00000170124","ENSMUST00000170124","D6Ertd527e","ENSMUSG00000090891","protein_coding","cds","chr6-87110874-87112251","chr6-87118999-87121100",6747
"ENSMUST00000107358","ENSMUST00000107358","Stat5b","ENSMUSG00000020919","protein_coding","utr","chr11-100822052-100822528","chr11-100814030-100829385",0
"ENSMUST00000105780","ENSMUST00000105780","Fhad1","ENSMUSG00000051435","protein_coding","cds","chr4-141951482-141951677","chr4-141951494-141953656",0
"ENSMUST00000180572","ENSMUST00000180572","Agrn","ENSMUSG00000041936","protein_coding","cds","chr4-156197214-156197420","chr4-156194416-156199172",0
"ENSMUST00000162739","ENSMUST00000162739","Impdh1","ENSMUSG00000003500","protein_coding","cds","chr6-29216072-29216331","chr6-29209434-29218346",0
"ENSMUSE00000353331","ENSMUST00000052069","Galnt6","ENSMUSG00000037280","protein_coding","exon","chr15-100729303-100729376","chr15-100731776-100734159",2399
"ENSMUST00000154464","ENSMUST00000154464","Cercam","ENSMUSG00000039787","protein_coding","cds","chr2-29869263-29869345","chr2-29868519-29870892",0
"ENSMUSE00000538988","ENSMUST00000100816","Med13l","ENSMUSG00000018076","protein_coding","exon","chr5-118560719-118560857","chr5-118473283-118479285",81433
"ENSMUST00000093219","ENSMUST00000093219","Nsg2","ENSMUSG00000020297","protein_coding","gap","chr11-32017735-32031769","chr11-32019757-32021402",0
"ENSMUST00000039442","ENSMUST00000039442","Alg14","ENSMUSG00000039887","protein_coding","utr","chr3-121361787-121362011","chr3-121368394-121372088",6382
"ENSMUST00000130379","ENSMUST00000130379","Fbxo11","ENSMUSG00000005371","protein_coding","cds","chr17-88065009-88065028","chr17-88057477-88067923",0
"ENSMUST00000182800","ENSMUST00000182800","Safb","ENSMUSG00000071054","protein_coding","cds","chr17-56585333-56585350","chr17-56576185-56588014",0
"ENSMUST00000106292","ENSMUST00000106292","Prr14","ENSMUSG00000030822","protein_coding","utr","chr7-127476661-127476759","chr7-127476964-127483429",204
"ENSMUST00000003433","ENSMUST00000003433","Mknk2","ENSMUSG00000020190","protein_coding","cds","chr10-80671736-80671835","chr10-80668157-80682502",0
"ENSMUST00000068316","ENSMUST00000068316","Agtr1b","ENSMUSG00000054988","protein_coding","utr","chr3-20314473-20315360","chr3-20304233-20305996",8476
"ENSMUSE00000718724","ENSMUST00000117551","Rasa3","ENSMUSG00000031453","protein_coding","exon","chr8-13677393-13677603","chr8-13683339-13688852",5735
"ENSMUST00000045866","ENSMUST00000045866","Ddx21","ENSMUSG00000020075","protein_coding","cds","chr10-62598232-62598891","chr10-62587695-62598366",0
"ENSMUST00000031376","ENSMUST00000031376","Zcchc8","ENSMUSG00000029427","protein_coding","cds","chr5-123720721-123720930","chr5-123719364-123721934",0
"ENSMUST00000132726","ENSMUST00000132726","Mepce","ENSMUSG00000029726","protein_coding","cds","chr5-137786594-137786715","chr5-137783176-137788542",0
"ENSMUST00000190226","ENSMUST00000190226","Cdv3","ENSMUSG00000032803","protein_coding","cds","chr9-103363975-103363985","chr9-103362278-103367475",0
"ENSMUST00000191464","ENSMUST00000191464","Hivep2","ENSMUSG00000015501","protein_coding","gap","chr10-13967081-14004200","chr10-13981673-13984651",0
"ENSMUST00000132047","ENSMUST00000132047","Sh3bp1","ENSMUSG00000022436","protein_coding","cds","chr15-78911533-78911636","chr15-78910769-78916957",0
"ENSMUST00000152291","ENSMUST00000152291","Sept6","ENSMUSG00000050379","protein_coding","cds","chrX-36991676-36991689","chrX-36987882-36991980",0
"ENSMUST00000130201","ENSMUST00000130201","Mrpl15","ENSMUSG00000033845","protein_coding","cds","chr1-4774452-4774516","chr1-4774373-4776257",0
"ENSMUST00000105359","ENSMUST00000105359","Apc2","ENSMUSG00000020135","protein_coding","cds","chr10-80311033-80316025","chr10-80311953-80318005",0
"ENSMUST00000177437","ENSMUST00000177437","Foxp1","ENSMUSG00000030067","protein_coding","utr","chr6-99028164-99028258","chr6-99024014-99031999",0
"ENSMUST00000107166","ENSMUST00000107166","Tenm4","ENSMUSG00000048078","protein_coding","cds","chr7-96703926-96704161","chr7-96702255-96707934",0
"ENSMUST00000119698","ENSMUST00000119698","Fkbp8","ENSMUSG00000019428","protein_coding","cds","chr8-70529414-70529675","chr8-70526730-70530756",0
"ENSMUST00000150634","ENSMUST00000150634","Ugt1a7c","ENSMUSG00000090124","protein_coding","cds","chr1-88095121-88095303","chr1-88093847-88098882",0
"ENSMUST00000076615","ENSMUST00000076615","Crtc1","ENSMUSG00000003575","protein_coding","cds","chr8-70439433-70439558","chr8-70437855-70440856",0
"ENSMUST00000152935","ENSMUST00000152935","Suv420h1","ENSMUSG00000045098","protein_coding","cds","chr19-3768304-3768340","chr19-3766627-3770091",0
"ENSMUST00000195846","ENSMUST00000195846","Jade1","ENSMUSG00000025764","protein_coding","gap","chr3-41581273-41588933","chr3-41585222-41588555",0
"ENSMUST00000026886","ENSMUST00000026886","Itih5","ENSMUSG00000025780","protein_coding","gap","chr2-10164729-10185518","chr2-10165944-10168419",0
"ENSMUST00000188699","ENSMUST00000188699","Ptma","ENSMUSG00000026238","protein_coding","cds","chr1-86529456-86529527","chr1-86520014-86534175",0
"ENSMUST00000189616","ENSMUST00000189616","Msl2","ENSMUSG00000066415","protein_coding","cds","chr9-101075880-101075956","chr9-101072347-101085541",0
"ENSMUST00000043813","ENSMUST00000043813","Nudt15","ENSMUSG00000033405","protein_coding","cds","chr14-73525060-73525214","chr14-73524037-73525846",0
"ENSMUST00000020692","ENSMUST00000020692","Btg2","ENSMUSG00000020423","protein_coding","utr","chr1-134075170-134077368","chr1-134058554-134068333",6836
"ENSMUSE00000868520","ENSMUST00000159294","Maml2","ENSMUSG00000031925","protein_coding","exon","chr9-13619990-13621675","chr9-13583319-13589176",30813
"ENSMUST00000075827","ENSMUST00000075827","Jag2","ENSMUSG00000002799","protein_coding","cds","chr12-112920231-112920482","chr12-112908922-112921187",0
"ENSMUST00000066058","ENSMUST00000066058","Mapkbp1","ENSMUSG00000033902","protein_coding","cds","chr2-119973052-119973168","chr2-119968703-119974283",0
"ENSMUST00000105293","ENSMUST00000105293","Tmpo","ENSMUSG00000019961","protein_coding","cds","chr10-91171038-91171313","chr10-91169170-91173109",0
"ENSMUST00000091201","ENSMUST00000091201","Arl15","ENSMUSG00000042348","protein_coding","gap","chr13-113794697-113922246","chr13-113868905-113871490",0
"ENSMUST00000037879","ENSMUST00000037879","Heca","ENSMUSG00000039879","protein_coding","cds","chr10-17947509-17947782","chr10-17942793-17951618",0
"ENSMUST00000105595","ENSMUST00000105595","Ssu72","ENSMUSG00000029038","protein_coding","cds","chr4-155705382-155705461","chr4-155704094-155707135",0
"ENSMUST00000162267","ENSMUST00000162267","Foxj3","ENSMUSG00000032998","protein_coding","utr","chr4-119539685-119539845","chr4-119538358-119542177",0
"ENSMUST00000171691.1","ENSMUST00000171691","Mdga1","ENSMUSG00000043557","protein_coding","cds","chr17-29887447-29887513","chr17-29884332-29891582",0
"ENSMUST00000174632","ENSMUST00000174632","Fus","ENSMUSG00000030795","protein_coding","cds","chr7-127981411-127981449","chr7-127966085-127985680",0
"ENSMUST00000039803","ENSMUST00000039803","Ubac2","ENSMUSG00000041765","protein_coding","cds","chr14-121878744-121878774","chr14-121876582-121885858",0
"ENSMUST00000194863","ENSMUST00000194863","Usp19","ENSMUSG00000006676","protein_coding","cds","chr9-108499095-108499197","chr9-108489161-108499418",0
"ENSMUST00000180300","ENSMUST00000180300","Pnrc2","ENSMUSG00000028675","protein_coding","cds","chr4-135872895-135873061","chr4-135868745-135878738",0
"ENSMUST00000105840","ENSMUST00000105840","Usp48","ENSMUSG00000043411","protein_coding","cds","chr4-137610690-137610823","chr4-137608711-137611205",0
"ENSMUST00000098754","ENSMUST00000098754","Relb","ENSMUSG00000002983","protein_coding","cds","chr7-19629191-19629242","chr7-19627500-19631253",0
